ethereum,"Daily General Discussion November 27, 2025",102,1764223250.0,https://www.reddit.com/r/ethereum/comments/1p7umek/daily_general_discussion_november_27_2025/,0.5,"{'gas': 46, 'vol': 'low'}",a9e281157ca06b8d23a7c6808b27c3422cf8e4ec5a51fbb0650edbebeb51d7b6,2025-11-28T01:08:37.173909
ethereum,EIP-8046: FOCIL with ranked transactions (FOCILR),8,1764190535.0,https://eips.ethereum.org/EIPS/eip-8046,0.0,"{'gas': 87, 'vol': 'high'}",c92c51abfdef88fe050aa59486a6b212d2a8702c9d877252ce6a1a437a2557ee,2025-11-28T01:08:37.173909
python,"Hatch v1.16.0 - workspaces, dependency groups and SBOMs",19,1764267686.0,https://www.reddit.com/r/Python/comments/1p898zg/hatch_v1160_workspaces_dependency_groups_and_sboms/,0.0,"{'gas': 0, 'vol': 'n/a'}",d9b5334882675320ae9807881bef210c8a6b9a0dc3982fca4995062d84cbd153,2025-11-28T01:10:57.425831
python,"RayPy, a Python interface to the RayforceDB columnar database reaches beta",10,1764198790.0,https://www.reddit.com/r/Python/comments/1p7mltu/raypy_a_python_interface_to_the_rayforcedb/,0.0,"{'gas': 0, 'vol': 'n/a'}",85a326f402010f86b5a221df539666362bf8d9584b4d42300dc073262a73453f,2025-11-28T01:10:57.425831
python,Built a tool that converts any REST API spec into an MCP server,7,1764232138.0,https://www.reddit.com/r/Python/comments/1p7x3i8/built_a_tool_that_converts_any_rest_api_spec_into/,0.0,"{'gas': 0, 'vol': 'n/a'}",8c9fe08304628e427048a03e1070572bc430ed174fbb5bad12f838fcad35697d,2025-11-28T01:10:57.425831
python,"Thursday Daily Thread: Python Careers, Courses, and Furthering Education!",4,1764201630.0,https://www.reddit.com/r/Python/comments/1p7nn45/thursday_daily_thread_python_careers_courses_and/,0.5,"{'gas': 0, 'vol': 'n/a'}",e4ebad3d47053a4dfc29397f73173b435f17db6026641ace631bacba70f3c303,2025-11-28T01:10:57.425831
python,"Python Podcasts &amp; Conference Talks (week 48, 2025)",4,1764270480.0,https://www.reddit.com/r/Python/comments/1p8ad8c/python_podcasts_conference_talks_week_48_2025/,0.0,"{'gas': 0, 'vol': 'n/a'}",f5c16cf6395d2fdfa8780180f83f5e9e0c0bd5161f6a740fbd624775c04e2c09,2025-11-28T01:10:57.425831
python,Need a suggestion,3,1764246925.0,https://www.reddit.com/r/Python/comments/1p8155t/need_a_suggestion/,0.0,"{'gas': 0, 'vol': 'n/a'}",446fc70c7d9fe6cac9f23c9bb69f1f787cc8e447e0ad9c3befa8ebe27fe083c1,2025-11-28T01:10:57.425831
python,"gvit 1.0.0 - Now with uv support, improved logging, and many other new features",0,1764254309.0,https://www.reddit.com/r/Python/comments/1p83rvv/gvit_100_now_with_uv_support_improved_logging_and/,0.0,"{'gas': 0, 'vol': 'n/a'}",9a0ce807513993cb6b05c2f077b57ee849ff5f2ee8479ae4c7e8f5204f8be218,2025-11-28T01:10:57.425831
python,"AI desktop agent that controls your OS (opensource, crossplatform)",0,1764244865.0,https://www.reddit.com/r/Python/comments/1p80ijy/ai_desktop_agent_that_controls_your_os_opensource/,0.5,"{'gas': 0, 'vol': 'n/a'}",938334b873d902f88b28093708a422fdc995a50be80b8e0b3f4f500f927a40cd,2025-11-28T01:10:57.425831
python,[poll] The level you use AI in editor (Python ver),0,1764224858.0,https://www.reddit.com/r/Python/comments/1p7v3qx/poll_the_level_you_use_ai_in_editor_python_ver/,0.5,"{'gas': 0, 'vol': 'n/a'}",da48b83b965cb42d312d7abcadd4e5938c95ebacb22747191843194fdc9a8cd6,2025-11-28T01:10:57.425831
python,I got roasted for my code yesterday. So I rewrote it completely.,0,1764206391.0,https://www.reddit.com/r/Python/comments/1p7pb5z/i_got_roasted_for_my_code_yesterday_so_i_rewrote/,0.0,"{'gas': 0, 'vol': 'n/a'}",9cc037373ef620c80994d6aeaad59a554565d52702ba83104ce272713642e9b6,2025-11-28T01:10:57.425831
quant,Data normalization made my ML model go from mediocre to great. Is this expected?,24,1764204681.0,https://www.reddit.com/r/quant/comments/1p7opwt/data_normalization_made_my_ml_model_go_from/,0.0,"{'gas': 0, 'vol': 'n/a'}",b10220b9e1fa605cac68884ce89be96dd7ed4791c0617a437ca157d10b319013,2025-11-28T01:10:57.425831
ethereum,"Daily General Discussion November 27, 2025",102,1764223250.0,https://www.reddit.com/r/ethereum/comments/1p7umek/daily_general_discussion_november_27_2025/,0.5,"{'gas': 65, 'vol': 'low'}",a9e281157ca06b8d23a7c6808b27c3422cf8e4ec5a51fbb0650edbebeb51d7b6,2025-11-28T01:10:57.425831
ethereum,Need some help sending crypto privately to a colleague üôè,10,1764262375.0,https://www.reddit.com/r/ethereum/comments/1p872cz/need_some_help_sending_crypto_privately_to_a/,0.0,"{'gas': 76, 'vol': 'high'}",25baea7577e65de0519fedbe94b5191021276f292d7330d15c9fda749551e830,2025-11-28T01:10:57.425831
ethereum,EIP-8046: FOCIL with ranked transactions (FOCILR),8,1764190535.0,https://eips.ethereum.org/EIPS/eip-8046,0.0,"{'gas': 62, 'vol': 'high'}",c92c51abfdef88fe050aa59486a6b212d2a8702c9d877252ce6a1a437a2557ee,2025-11-28T01:10:57.425831
ethereum,Part One of Can I Pay With This? A stablecoin experiment in Buenos Aires.,7,1764259064.0,https://www.reddit.com/r/ethereum/comments/1p85ooe/part_one_of_can_i_pay_with_this_a_stablecoin/,0.5,"{'gas': 48, 'vol': 'high'}",75b0d27e966db0a414a2208f3d85674dfa3e284f8799021b0df60c10983b9821,2025-11-28T01:10:57.425831
ethereum,Concentrated Liquidity (CL) Basics,5,1764227041.0,/r/defi/comments/1p7vnis/concentrated_liquidity_cl_basics/,0.0,"{'gas': 136, 'vol': 'low'}",54e1f958cda9a2f49eceebd9fe7107d3b402383d613f89e0b62f0ea95df3c8c4,2025-11-28T01:10:57.425831
ethereum,Cryptopia liquidation,1,1764254132.0,/r/Cryptopia/comments/1p7y972/cryptopia_liquidation/,0.0,"{'gas': 55, 'vol': 'high'}",6b3581d3ddffa730c15ec301fb931ddc619fa8cd8380d96ec1787be17427cc27,2025-11-28T01:10:57.425831
ethereum,Layerbrett ( lbrett on ETH),0,1764266762.0,/r/memecoins/comments/1p88cm1/layerbrett_lbrett_on_eth/,0.5,"{'gas': 50, 'vol': 'high'}",ef40f36918d3e5b44becf5ce5da7fa5df0aa5c7c6ac9f3c5a1aa06faa7bc38b2,2025-11-28T01:10:57.425831
python,"RayPy, a Python interface to the RayforceDB columnar database reaches beta",12,1764198790.0,https://www.reddit.com/r/Python/comments/1p7mltu/raypy_a_python_interface_to_the_rayforcedb/,0.0,"{'gas': 0, 'vol': 'n/a'}",85a326f402010f86b5a221df539666362bf8d9584b4d42300dc073262a73453f,2025-11-28T01:12:21.944647
python,Built a tool that converts any REST API spec into an MCP server,7,1764232138.0,https://www.reddit.com/r/Python/comments/1p7x3i8/built_a_tool_that_converts_any_rest_api_spec_into/,0.0,"{'gas': 0, 'vol': 'n/a'}",8c9fe08304628e427048a03e1070572bc430ed174fbb5bad12f838fcad35697d,2025-11-28T01:12:21.944647
python,"Thursday Daily Thread: Python Careers, Courses, and Furthering Education!",5,1764201630.0,https://www.reddit.com/r/Python/comments/1p7nn45/thursday_daily_thread_python_careers_courses_and/,0.5,"{'gas': 0, 'vol': 'n/a'}",e4ebad3d47053a4dfc29397f73173b435f17db6026641ace631bacba70f3c303,2025-11-28T01:12:21.944647
python,[poll] The level you use AI in editor (Python ver),0,1764224858.0,https://www.reddit.com/r/Python/comments/1p7v3qx/poll_the_level_you_use_ai_in_editor_python_ver/,0.5,"{'gas': 0, 'vol': 'n/a'}",da48b83b965cb42d312d7abcadd4e5938c95ebacb22747191843194fdc9a8cd6,2025-11-28T01:12:21.944647
python,I got roasted for my code yesterday. So I rewrote it completely.,0,1764206391.0,https://www.reddit.com/r/Python/comments/1p7pb5z/i_got_roasted_for_my_code_yesterday_so_i_rewrote/,0.0,"{'gas': 0, 'vol': 'n/a'}",9cc037373ef620c80994d6aeaad59a554565d52702ba83104ce272713642e9b6,2025-11-28T01:12:21.944647
quant,Data normalization made my ML model go from mediocre to great. Is this expected?,23,1764204681.0,https://www.reddit.com/r/quant/comments/1p7opwt/data_normalization_made_my_ml_model_go_from/,0.0,"{'gas': 0, 'vol': 'n/a'}",b10220b9e1fa605cac68884ce89be96dd7ed4791c0617a437ca157d10b319013,2025-11-28T01:12:21.944647
quant,Math roadmap for a trading role?,21,1764257223.0,https://i.redd.it/wg0drj79it3g1.png,0.0,"{'gas': 0, 'vol': 'n/a'}",be0d65b4af57190ebcc3c1f10bf7b41fc9a35c09b1dae6128ac3cd1e1c2bd95a,2025-11-28T01:12:21.944647
quant,Best QIS department,8,1764193139.0,https://www.reddit.com/r/quant/comments/1p7kc1l/best_qis_department/,0.0,"{'gas': 0, 'vol': 'n/a'}",d3a87b768297e44b8d7301a50666ffc2f02f057a2c34b58ec3ec6597013e0bc8,2025-11-28T01:12:21.944647
quant,"Gramian Angular Fields keep popping up in time-series literature, yet almost nobody in quant circles seems to touch them",2,1764247596.0,https://www.reddit.com/r/quant/comments/1p81cuo/gramian_angular_fields_keep_popping_up_in/,0.0,"{'gas': 0, 'vol': 'n/a'}",aa88dcb32cc912c33cd80c49b3b92f07d20e902611fc0b0bd665a750a0bbb482,2025-11-28T01:12:21.944647
quant,Finance Equation for Portfolio,0,1764253761.0,https://www.reddit.com/r/quant/comments/1p83k9j/finance_equation_for_portfolio/,0.0,"{'gas': 0, 'vol': 'n/a'}",8a6eb8b85f8802d73e22945a444f4038b9be019ceeaa32e7e9a76225733565c4,2025-11-28T01:12:21.944647
python,"Hatch v1.16.0 - workspaces, dependency groups and SBOMs",20,1764267686.0,https://www.reddit.com/r/Python/comments/1p898zg/hatch_v1160_workspaces_dependency_groups_and_sboms/,0.0,{},d9b5334882675320ae9807881bef210c8a6b9a0dc3982fca4995062d84cbd153,2025-11-28T01:12:52.981725
python,"RayPy, a Python interface to the RayforceDB columnar database reaches beta",12,1764198790.0,https://www.reddit.com/r/Python/comments/1p7mltu/raypy_a_python_interface_to_the_rayforcedb/,0.0,{},85a326f402010f86b5a221df539666362bf8d9584b4d42300dc073262a73453f,2025-11-28T01:12:52.981725
python,Built a tool that converts any REST API spec into an MCP server,9,1764232138.0,https://www.reddit.com/r/Python/comments/1p7x3i8/built_a_tool_that_converts_any_rest_api_spec_into/,0.0,{},8c9fe08304628e427048a03e1070572bc430ed174fbb5bad12f838fcad35697d,2025-11-28T01:12:52.981725
python,"Thursday Daily Thread: Python Careers, Courses, and Furthering Education!",3,1764201630.0,https://www.reddit.com/r/Python/comments/1p7nn45/thursday_daily_thread_python_careers_courses_and/,0.0,{},e4ebad3d47053a4dfc29397f73173b435f17db6026641ace631bacba70f3c303,2025-11-28T01:12:52.981725
python,"Python Podcasts &amp; Conference Talks (week 48, 2025)",4,1764270480.0,https://www.reddit.com/r/Python/comments/1p8ad8c/python_podcasts_conference_talks_week_48_2025/,0.0,{},f5c16cf6395d2fdfa8780180f83f5e9e0c0bd5161f6a740fbd624775c04e2c09,2025-11-28T01:12:52.981725
python,Need a suggestion,2,1764246925.0,https://www.reddit.com/r/Python/comments/1p8155t/need_a_suggestion/,0.0,{},446fc70c7d9fe6cac9f23c9bb69f1f787cc8e447e0ad9c3befa8ebe27fe083c1,2025-11-28T01:12:52.981725
python,"gvit 1.0.0 - Now with uv support, improved logging, and many other new features",0,1764254309.0,https://www.reddit.com/r/Python/comments/1p83rvv/gvit_100_now_with_uv_support_improved_logging_and/,0.0,{},9a0ce807513993cb6b05c2f077b57ee849ff5f2ee8479ae4c7e8f5204f8be218,2025-11-28T01:12:52.981725
python,"AI desktop agent that controls your OS (opensource, crossplatform)",0,1764244865.0,https://www.reddit.com/r/Python/comments/1p80ijy/ai_desktop_agent_that_controls_your_os_opensource/,0.0,{},938334b873d902f88b28093708a422fdc995a50be80b8e0b3f4f500f927a40cd,2025-11-28T01:12:52.981725
python,[poll] The level you use AI in editor (Python ver),0,1764224858.0,https://www.reddit.com/r/Python/comments/1p7v3qx/poll_the_level_you_use_ai_in_editor_python_ver/,0.0,{},da48b83b965cb42d312d7abcadd4e5938c95ebacb22747191843194fdc9a8cd6,2025-11-28T01:12:52.981725
python,I got roasted for my code yesterday. So I rewrote it completely.,0,1764206391.0,https://www.reddit.com/r/Python/comments/1p7pb5z/i_got_roasted_for_my_code_yesterday_so_i_rewrote/,0.0,{},9cc037373ef620c80994d6aeaad59a554565d52702ba83104ce272713642e9b6,2025-11-28T01:12:52.981725
